2026-02-24T02:24:08.063939Z  INFO single_sample: Loading database from: ../data/processed/rel-stack
2026-02-24T02:24:08.063990Z  INFO headwater::sampler: Sampler::new: rank=0, world_size=1, db=../data/processed/rel-stack
2026-02-24T02:24:08.181186Z  INFO headwater::sampler: SeedManager: 19 tasks, train seeds/rank: [1338947, 332886, 472288, 167747, 332491, 332083, 167726, 167635, 332943, 332171, 167852, 163007, 332939, 332658, 266559, 266852, 167911, 167647, 332561], val seeds/rank: [168433, 42229, 59789, 21173, 42214, 42408, 21296, 21378, 42023, 42232, 21142, 20349, 41729, 41807, 33978, 33820, 21192, 21329, 42316]
2026-02-24T02:24:08.181240Z  INFO headwater::sampler: Sampler: train_seeds=6174903, val_seeds=780837 (for this rank)
2026-02-24T02:24:08.181411Z  INFO single_sample: Database loaded:
2026-02-24T02:24:08.181433Z  INFO single_sample:   Tables: 7
2026-02-24T02:24:08.181438Z  INFO single_sample:   Columns: 52
2026-02-24T02:24:08.181439Z  INFO single_sample:   Tasks: 19
2026-02-24T02:24:08.181440Z  INFO single_sample:   Task 0: predict_vote_type (anchor=votes, target_stype=Categorical, seeds=1673836)
2026-02-24T02:24:08.181442Z  INFO single_sample:   Task 1: predict_post_type (anchor=posts, target_stype=Categorical, seeds=415913)
2026-02-24T02:24:08.181443Z  INFO single_sample:   Task 2: predict_badge_class (anchor=badges, target_stype=Categorical, seeds=590833)
2026-02-24T02:24:08.181444Z  INFO single_sample:   Task 3: predict_has_accepted_answer (anchor=posts, target_stype=Boolean, seeds=209721)
2026-02-24T02:24:08.181445Z  INFO single_sample:   Task 4: predict_num_comments_7d (anchor=posts, target_stype=Numerical, seeds=415913)
2026-02-24T02:24:08.181446Z  INFO single_sample:   Task 5: predict_num_comments_30d (anchor=posts, target_stype=Numerical, seeds=415913)
2026-02-24T02:24:08.181447Z  INFO single_sample:   Task 6: predict_num_answers_7d (anchor=posts, target_stype=Numerical, seeds=209721)
2026-02-24T02:24:08.181448Z  INFO single_sample:   Task 7: predict_num_answers_30d (anchor=posts, target_stype=Numerical, seeds=209721)
2026-02-24T02:24:08.181449Z  INFO single_sample:   Task 8: predict_score_7d (anchor=posts, target_stype=Numerical, seeds=415913)
2026-02-24T02:24:08.181450Z  INFO single_sample:   Task 9: predict_score_30d (anchor=posts, target_stype=Numerical, seeds=415913)
2026-02-24T02:24:08.181451Z  INFO single_sample:   Task 10: predict_has_accepted_answer_30d (anchor=posts, target_stype=Boolean, seeds=209721)
2026-02-24T02:24:08.181452Z  INFO single_sample:   Task 11: predict_answer_is_accepted (anchor=posts, target_stype=Boolean, seeds=203244)
2026-02-24T02:24:08.181453Z  INFO single_sample:   Task 12: predict_num_upvotes_30d (anchor=posts, target_stype=Numerical, seeds=415913)
2026-02-24T02:24:08.181454Z  INFO single_sample:   Task 13: predict_num_downvotes_30d (anchor=posts, target_stype=Numerical, seeds=415913)
2026-02-24T02:24:08.181454Z  INFO single_sample:   Task 14: predict_num_badges_30d (anchor=users, target_stype=Numerical, seeds=333784)
2026-02-24T02:24:08.181455Z  INFO single_sample:   Task 15: predict_num_posts_30d (anchor=users, target_stype=Numerical, seeds=333784)
2026-02-24T02:24:08.181456Z  INFO single_sample:   Task 16: predict_was_closed_30d (anchor=posts, target_stype=Boolean, seeds=209721)
2026-02-24T02:24:08.181457Z  INFO single_sample:   Task 17: predict_num_favorites_30d (anchor=posts, target_stype=Numerical, seeds=209721)
2026-02-24T02:24:08.181458Z  INFO single_sample:   Task 18: predict_num_edits_30d (anchor=posts, target_stype=Numerical, seeds=415913)
2026-02-24T02:24:08.181459Z  INFO single_sample: 
Pulling a train batch...
2026-02-24T02:24:09.113272Z  INFO single_sample: Batch summary:
2026-02-24T02:24:09.113320Z  INFO single_sample:   batch_size (B): 1
2026-02-24T02:24:09.113327Z  INFO single_sample:   sequence_length (S): 256
2026-02-24T02:24:09.113328Z  INFO single_sample:   max_rows (R): 200
2026-02-24T02:24:09.113330Z  INFO single_sample:   task_idx: 15
2026-02-24T02:24:09.113330Z  INFO single_sample:   task_name: predict_num_posts_30d
2026-02-24T02:24:09.113332Z  INFO single_sample:   target_stype: 1
2026-02-24T02:24:09.113342Z  INFO single_sample:   num_unique_texts (U): 26
2026-02-24T02:24:09.113416Z  INFO single_sample:   seq[0]: 256 cells, 31 rows, 40 edges, 1 targets, 15 nulls
2026-02-24T02:24:09.113418Z  INFO single_sample: 
Tensor shapes:
2026-02-24T02:24:09.113419Z  INFO single_sample:   semantic_types:        [1, 256] = 256 elements
2026-02-24T02:24:09.113420Z  INFO single_sample:   column_ids:            [1, 256] = 256 elements
2026-02-24T02:24:09.113422Z  INFO single_sample:   numeric_values:        [1, 256] = 256 elements
2026-02-24T02:24:09.113423Z  INFO single_sample:   timestamp_values:      [1, 256, 15] = 3840 elements
2026-02-24T02:24:09.113424Z  INFO single_sample:   fk_adj:                [1, 200, 200] = 40000 elements
2026-02-24T02:24:09.113425Z  INFO single_sample:   text_batch_embeddings: [26, 256] = 6656 elements

Outbound attention mask (256x256)
#######.........................................................................................................................................................................................................................................................
#######.........................................................................................................................................................................................................................................................
#######.........................................................................................................................................................................................................................................................
#######.........................................................................................................................................................................................................................................................
#######.........................................................................................................................................................................................................................................................
#######.........................................................................................................................................................................................................................................................
#######.........................................................................................................................................................................................................................................................
#############...................................................................................................................................................................................................................................................
#############...................................................................................................................................................................................................................................................
#############...................................................................................................................................................................................................................................................
#############...................................................................................................................................................................................................................................................
#############...................................................................................................................................................................................................................................................
#############...................................................................................................................................................................................................................................................
#######......##################.................................................................................................................................................................................................................................
#######......##################.................................................................................................................................................................................................................................
#######......##################.................................................................................................................................................................................................................................
#######......##################.................................................................................................................................................................................................................................
#######......##################.................................................................................................................................................................................................................................
#######......##################.................................................................................................................................................................................................................................
#######......##################.................................................................................................................................................................................................................................
....................#############################...............................................................................................................................................................................................................
....................#############################...............................................................................................................................................................................................................
....................#############################...............................................................................................................................................................................................................
....................#############################...............................................................................................................................................................................................................
....................#############################...............................................................................................................................................................................................................
....................#############################...............................................................................................................................................................................................................
....................#############################...............................................................................................................................................................................................................
....................#############################...............................................................................................................................................................................................................
....................#############################...............................................................................................................................................................................................................
....................#############################...............................................................................................................................................................................................................
....................#############################...............................................................................................................................................................................................................
...............................#######..........................................................................................................................................................................................................................
...............................#######..........................................................................................................................................................................................................................
...............................#######..........................................................................................................................................................................................................................
...............................#######..........................................................................................................................................................................................................................
...............................#######..........................................................................................................................................................................................................................
...............................#######..........................................................................................................................................................................................................................
...............................#######..........................................................................................................................................................................................................................
#######.............###########.......###########...............................................................................................................................................................................................................
#######.............###########.......###########...............................................................................................................................................................................................................
#######.............###########.......###########...............................................................................................................................................................................................................
#######.............###########.......###########...............................................................................................................................................................................................................
#######.............###########.......###########...............................................................................................................................................................................................................
#######.............###########.......###########...............................................................................................................................................................................................................
#######.............###########.......###########...............................................................................................................................................................................................................
#######.............###########.......###########...............................................................................................................................................................................................................
#######.............###########.......###########...............................................................................................................................................................................................................
#######.............###########.......###########...............................................................................................................................................................................................................
#######.............###########.......###########...............................................................................................................................................................................................................
#######...............................###################.......................................................................................................................................................................................................
#######...............................###################.......................................................................................................................................................................................................
#######...............................###################.......................................................................................................................................................................................................
#######...............................###################.......................................................................................................................................................................................................
#######...............................###################.......................................................................................................................................................................................................
#######...............................###################.......................................................................................................................................................................................................
#######...............................###################.......................................................................................................................................................................................................
#######...............................###################.......................................................................................................................................................................................................
#######...............................###########........########...............................................................................................................................................................................................
#######...............................###########........########...............................................................................................................................................................................................
#######...............................###########........########...............................................................................................................................................................................................
#######...............................###########........########...............................................................................................................................................................................................
#######...............................###########........########...............................................................................................................................................................................................
#######...............................###########........########...............................................................................................................................................................................................
#######...............................###########........########...............................................................................................................................................................................................
#######...............................###########........########...............................................................................................................................................................................................
#######...............................###########................########.......................................................................................................................................................................................
#######...............................###########................########.......................................................................................................................................................................................
#######...............................###########................########.......................................................................................................................................................................................
#######...............................###########................########.......................................................................................................................................................................................
#######...............................###########................########.......................................................................................................................................................................................
#######...............................###########................########.......................................................................................................................................................................................
#######...............................###########................########.......................................................................................................................................................................................
#######...............................###########................########.......................................................................................................................................................................................
....................##################...................................#######................................................................................................................................................................................
....................##################...................................#######................................................................................................................................................................................
....................##################...................................#######................................................................................................................................................................................
....................##################...................................#######................................................................................................................................................................................
....................##################...................................#######................................................................................................................................................................................
....................##################...................................#######................................................................................................................................................................................
....................##################...................................#######................................................................................................................................................................................
....................##################..........................................########........................................................................................................................................................................
....................##################..........................................########........................................................................................................................................................................
....................##################..........................................########........................................................................................................................................................................
....................##################..........................................########........................................................................................................................................................................
....................##################..........................................########........................................................................................................................................................................
....................##################..........................................########........................................................................................................................................................................
....................##################..........................................########........................................................................................................................................................................
....................##################..........................................########........................................................................................................................................................................
....................###########.........................................................#####...................................................................................................................................................................
....................###########.........................................................#####...................................................................................................................................................................
....................###########.........................................................#####...................................................................................................................................................................
....................###########.........................................................#####...................................................................................................................................................................
....................###########.........................................................#####...................................................................................................................................................................
...............................#######.......................................................##################.................................................................................................................................................
...............................#######.......................................................##################.................................................................................................................................................
...............................#######.......................................................##################.................................................................................................................................................
...............................#######.......................................................##################.................................................................................................................................................
...............................#######.......................................................##################.................................................................................................................................................
...............................#######.......................................................##################.................................................................................................................................................
...............................#######.......................................................##################.................................................................................................................................................
....................................................................................................#############################...............................................................................................................................
....................................................................................................#############################...............................................................................................................................
....................................................................................................#############################...............................................................................................................................
....................................................................................................#############################...............................................................................................................................
....................................................................................................#############################...............................................................................................................................
....................................................................................................#############################...............................................................................................................................
....................................................................................................#############################...............................................................................................................................
....................................................................................................#############################...............................................................................................................................
....................................................................................................#############################...............................................................................................................................
....................................................................................................#############################...............................................................................................................................
....................................................................................................#############################...............................................................................................................................
...............................................................................................................###########.......##################.............................................................................................................
...............................................................................................................###########.......##################.............................................................................................................
...............................................................................................................###########.......##################.............................................................................................................
...............................................................................................................###########.......##################.............................................................................................................
...............................................................................................................###########.......##################.............................................................................................................
...............................................................................................................###########.......##################.............................................................................................................
...............................................................................................................###########.......##################.............................................................................................................
...............................................................................................................###########.......##################.............................................................................................................
...............................................................................................................###########.......##################.............................................................................................................
...............................................................................................................###########.......##################.............................................................................................................
...............................................................................................................###########.......##################.............................................................................................................
..........................................................................................................................#######...............................................................................................................................
..........................................................................................................................#######...............................................................................................................................
..........................................................................................................................#######...............................................................................................................................
..........................................................................................................................#######...............................................................................................................................
..........................................................................................................................#######...............................................................................................................................
..........................................................................................................................#######...............................................................................................................................
..........................................................................................................................#######...............................................................................................................................
.................................................................................................................................#######........................................................................................................................
.................................................................................................................................#######........................................................................................................................
.................................................................................................................................#######........................................................................................................................
.................................................................................................................................#######........................................................................................................................
.................................................................................................................................#######........................................................................................................................
.................................................................................................................................#######........................................................................................................................
.................................................................................................................................#######........................................................................................................................
...............................................................................................................###########..............##################......................................................................................................
...............................................................................................................###########..............##################......................................................................................................
...............................................................................................................###########..............##################......................................................................................................
...............................................................................................................###########..............##################......................................................................................................
...............................................................................................................###########..............##################......................................................................................................
...............................................................................................................###########..............##################......................................................................................................
...............................................................................................................###########..............##################......................................................................................................
...............................................................................................................###########..............##################......................................................................................................
...............................................................................................................###########..............##################......................................................................................................
...............................................................................................................###########..............##################......................................................................................................
...............................................................................................................###########..............##################......................................................................................................
...................................................................................................................................................#######......................................................................................................
...................................................................................................................................................#######......................................................................................................
...................................................................................................................................................#######......................................................................................................
...................................................................................................................................................#######......................................................................................................
...................................................................................................................................................#######......................................................................................................
...................................................................................................................................................#######......................................................................................................
...................................................................................................................................................#######......................................................................................................
...............................#######....................................................................................................................##################....................................................................................
...............................#######....................................................................................................................##################....................................................................................
...............................#######....................................................................................................................##################....................................................................................
...............................#######....................................................................................................................##################....................................................................................
...............................#######....................................................................................................................##################....................................................................................
...............................#######....................................................................................................................##################....................................................................................
...............................#######....................................................................................................................##################....................................................................................
.................................................................................................................................................................##################.............................................................................
.................................................................................................................................................................##################.............................................................................
.................................................................................................................................................................##################.............................................................................
.................................................................................................................................................................##################.............................................................................
.................................................................................................................................................................##################.............................................................................
.................................................................................................................................................................##################.............................................................................
.................................................................................................................................................................##################.............................................................................
.................................................................................................................................................................##################.............................................................................
.................................................................................................................................................................##################.............................................................................
.................................................................................................................................................................##################.............................................................................
.................................................................................................................................................................##################.............................................................................
............................................................................................................................................................................#######.............................................................................
............................................................................................................................................................................#######.............................................................................
............................................................................................................................................................................#######.............................................................................
............................................................................................................................................................................#######.............................................................................
............................................................................................................................................................................#######.............................................................................
............................................................................................................................................................................#######.............................................................................
............................................................................................................................................................................#######.............................................................................
...............................#######.............................................................................................................................................###################..........................................................
...............................#######.............................................................................................................................................###################..........................................................
...............................#######.............................................................................................................................................###################..........................................................
...............................#######.............................................................................................................................................###################..........................................................
...............................#######.............................................................................................................................................###################..........................................................
...............................#######.............................................................................................................................................###################..........................................................
...............................#######.............................................................................................................................................###################..........................................................
...............................#######.............................................................................................................................................###################..........................................................
...............................#######.....................................................................................................................................................######################...............................................
...............................#######.....................................................................................................................................................######################...............................................
...............................#######.....................................................................................................................................................######################...............................................
...............................#######.....................................................................................................................................................######################...............................................
...............................#######.....................................................................................................................................................######################...............................................
...............................#######.....................................................................................................................................................######################...............................................
...............................#######.....................................................................................................................................................######################...............................................
...............................#######.....................................................................................................................................................######################...............................................
...............................#######.....................................................................................................................................................######################...............................................
...............................#######.....................................................................................................................................................######################...............................................
...............................#######.....................................................................................................................................................######################...............................................
......................................................................................................................................................................................................#############################.............................
......................................................................................................................................................................................................#############################.............................
......................................................................................................................................................................................................#############################.............................
......................................................................................................................................................................................................#############################.............................
......................................................................................................................................................................................................#############################.............................
......................................................................................................................................................................................................#############################.............................
......................................................................................................................................................................................................#############################.............................
......................................................................................................................................................................................................#############################.............................
......................................................................................................................................................................................................#############################.............................
......................................................................................................................................................................................................#############################.............................
......................................................................................................................................................................................................#############################.............................
......................................................................................................................................................................................................######################.......#######......................
......................................................................................................................................................................................................######################.......#######......................
......................................................................................................................................................................................................######################.......#######......................
......................................................................................................................................................................................................######################.......#######......................
......................................................................................................................................................................................................######################.......#######......................
......................................................................................................................................................................................................######################.......#######......................
......................................................................................................................................................................................................######################.......#######......................
......................................................................................................................................................................................................######################.......#######......................
......................................................................................................................................................................................................######################.......#######......................
......................................................................................................................................................................................................######################.......#######......................
......................................................................................................................................................................................................######################.......#######......................
............................................................................................................................................................................................................................#######.............................
............................................................................................................................................................................................................................#######.............................
............................................................................................................................................................................................................................#######.............................
............................................................................................................................................................................................................................#######.............................
............................................................................................................................................................................................................................#######.............................
............................................................................................................................................................................................................................#######.............................
............................................................................................................................................................................................................................#######.............................
...................................................................................................................................................................................................................................#######......................
...................................................................................................................................................................................................................................#######......................
...................................................................................................................................................................................................................................#######......................
...................................................................................................................................................................................................................................#######......................
...................................................................................................................................................................................................................................#######......................
...................................................................................................................................................................................................................................#######......................
...................................................................................................................................................................................................................................#######......................
...............................#######....................................................................................................................................................................................................##################....
...............................#######....................................................................................................................................................................................................##################....
...............................#######....................................................................................................................................................................................................##################....
...............................#######....................................................................................................................................................................................................##################....
...............................#######....................................................................................................................................................................................................##################....
...............................#######....................................................................................................................................................................................................##################....
...............................#######....................................................................................................................................................................................................##################....
.................................................................................................................................................................................................................................................###############
.................................................................................................................................................................................................................................................###############
.................................................................................................................................................................................................................................................###############
.................................................................................................................................................................................................................................................###############
.................................................................................................................................................................................................................................................###############
.................................................................................................................................................................................................................................................###############
.................................................................................................................................................................................................................................................###############
.................................................................................................................................................................................................................................................###############
.................................................................................................................................................................................................................................................###############
.................................................................................................................................................................................................................................................###############
.................................................................................................................................................................................................................................................###############
............................................................................................................................................................................................................................................................####
............................................................................................................................................................................................................................................................####
............................................................................................................................................................................................................................................................####
............................................................................................................................................................................................................................................................####

Inbound attention mask (256x256)
.......#############..................###################################.......................................................................................................................................................................................
.......#############..................###################################.......................................................................................................................................................................................
.......#############..................###################################.......................................................................................................................................................................................
.......#############..................###################################.......................................................................................................................................................................................
.......#############..................###################################.......................................................................................................................................................................................
.......#############..................###################################.......................................................................................................................................................................................
.......#############..................###################################.......................................................................................................................................................................................
................................................................................................................................................................................................................................................................
................................................................................................................................................................................................................................................................
................................................................................................................................................................................................................................................................
................................................................................................................................................................................................................................................................
................................................................................................................................................................................................................................................................
................................................................................................................................................................................................................................................................
................................................................................................................................................................................................................................................................
................................................................................................................................................................................................................................................................
................................................................................................................................................................................................................................................................
................................................................................................................................................................................................................................................................
................................................................................................................................................................................................................................................................
................................................................................................................................................................................................................................................................
................................................................................................................................................................................................................................................................
.............#######..................###########........................####################...................................................................................................................................................................
.............#######..................###########........................####################...................................................................................................................................................................
.............#######..................###########........................####################...................................................................................................................................................................
.............#######..................###########........................####################...................................................................................................................................................................
.............#######..................###########........................####################...................................................................................................................................................................
.............#######..................###########........................####################...................................................................................................................................................................
.............#######..................###########........................####################...................................................................................................................................................................
.............#######..................###########........................####################...................................................................................................................................................................
.............#######..................###########........................####################...................................................................................................................................................................
.............#######..................###########........................####################...................................................................................................................................................................
.............#######..................###########........................####################...................................................................................................................................................................
....................###########..........................................###############.....#######......................................................#######..................###################....................................#######...............
....................###########..........................................###############.....#######......................................................#######..................###################....................................#######...............
....................###########..........................................###############.....#######......................................................#######..................###################....................................#######...............
....................###########..........................................###############.....#######......................................................#######..................###################....................................#######...............
....................###########..........................................###############.....#######......................................................#######..................###################....................................#######...............
....................###########..........................................###############.....#######......................................................#######..................###################....................................#######...............
....................###########..........................................###############.....#######......................................................#######..................###################....................................#######...............
....................###########..................########################.......................................................................................................................................................................................
....................###########..................########################.......................................................................................................................................................................................
....................###########..................########################.......................................................................................................................................................................................
....................###########..................########################.......................................................................................................................................................................................
....................###########..................########################.......................................................................................................................................................................................
....................###########..................########################.......................................................................................................................................................................................
....................###########..................########################.......................................................................................................................................................................................
....................###########..................########################.......................................................................................................................................................................................
....................###########..................########################.......................................................................................................................................................................................
....................###########..................########################.......................................................................................................................................................................................
....................###########..................########################.......................................................................................................................................................................................
................................................................................................................................................................................................................................................................
................................................................................................................................................................................................................................................................
................................................................................................................................................................................................................................................................
................................................................................................................................................................................................................................................................
................................................................................................................................................................................................................................................................
................................................................................................................................................................................................................................................................
................................................................................................................................................................................................................................................................
................................................................................................................................................................................................................................................................
................................................................................................................................................................................................................................................................
................................................................................................................................................................................................................................................................
................................................................................................................................................................................................................................................................
................................................................................................................................................................................................................................................................
................................................................................................................................................................................................................................................................
................................................................................................................................................................................................................................................................
................................................................................................................................................................................................................................................................
................................................................................................................................................................................................................................................................
................................................................................................................................................................................................................................................................
................................................................................................................................................................................................................................................................
................................................................................................................................................................................................................................................................
................................................................................................................................................................................................................................................................
................................................................................................................................................................................................................................................................
................................................................................................................................................................................................................................................................
................................................................................................................................................................................................................................................................
................................................................................................................................................................................................................................................................
................................................................................................................................................................................................................................................................
................................................................................................................................................................................................................................................................
................................................................................................................................................................................................................................................................
................................................................................................................................................................................................................................................................
................................................................................................................................................................................................................................................................
................................................................................................................................................................................................................................................................
................................................................................................................................................................................................................................................................
................................................................................................................................................................................................................................................................
................................................................................................................................................................................................................................................................
................................................................................................................................................................................................................................................................
................................................................................................................................................................................................................................................................
................................................................................................................................................................................................................................................................
................................................................................................................................................................................................................................................................
................................................................................................................................................................................................................................................................
................................................................................................................................................................................................................................................................
................................................................................................................................................................................................................................................................
................................................................................................................................................................................................................................................................
................................................................................................................................................................................................................................................................
................................................................................................................................................................................................................................................................
................................................................................................................................................................................................................................................................
................................................................................................................................................................................................................................................................
................................................................................................................................................................................................................................................................
................................................................................................................................................................................................................................................................
................................................................................................................................................................................................................................................................
................................................................................................................................................................................................................................................................
................................................................................................................................................................................................................................................................
................................................................................................................................................................................................................................................................
.............................................................................................#######............................................................................................................................................................
.............................................................................................#######............................................................................................................................................................
.............................................................................................#######............................................................................................................................................................
.............................................................................................#######............................................................................................................................................................
.............................................................................................#######............................................................................................................................................................
.............................................................................................#######............................................................................................................................................................
.............................................................................................#######............................................................................................................................................................
.............................................................................................#######............................................................................................................................................................
.............................................................................................#######............................................................................................................................................................
.............................................................................................#######............................................................................................................................................................
.............................................................................................#######............................................................................................................................................................
....................................................................................................###########.........................###########.............................................................................................................
....................................................................................................###########.........................###########.............................................................................................................
....................................................................................................###########.........................###########.............................................................................................................
....................................................................................................###########.........................###########.............................................................................................................
....................................................................................................###########.........................###########.............................................................................................................
....................................................................................................###########.........................###########.............................................................................................................
....................................................................................................###########.........................###########.............................................................................................................
....................................................................................................###########.........................###########.............................................................................................................
....................................................................................................###########.........................###########.............................................................................................................
....................................................................................................###########.........................###########.............................................................................................................
....................................................................................................###########.........................###########.............................................................................................................
....................................................................................................###########.................................................................................................................................................
....................................................................................................###########.................................................................................................................................................
....................................................................................................###########.................................................................................................................................................
....................................................................................................###########.................................................................................................................................................
....................................................................................................###########.................................................................................................................................................
....................................................................................................###########.................................................................................................................................................
....................................................................................................###########.................................................................................................................................................
...............................................................................................................###########......................................................................................................................................
...............................................................................................................###########......................................................................................................................................
...............................................................................................................###########......................................................................................................................................
...............................................................................................................###########......................................................................................................................................
...............................................................................................................###########......................................................................................................................................
...............................................................................................................###########......................................................................................................................................
...............................................................................................................###########......................................................................................................................................
...............................................................................................................###########......................................................................................................................................
...............................................................................................................###########......................................................................................................................................
...............................................................................................................###########......................................................................................................................................
...............................................................................................................###########......................................................................................................................................
...............................................................................................................###########......................................................................................................................................
...............................................................................................................###########......................................................................................................................................
...............................................................................................................###########......................................................................................................................................
...............................................................................................................###########......................................................................................................................................
...............................................................................................................###########......................................................................................................................................
...............................................................................................................###########......................................................................................................................................
...............................................................................................................###########......................................................................................................................................
........................................................................................................................................###########.............................................................................................................
........................................................................................................................................###########.............................................................................................................
........................................................................................................................................###########.............................................................................................................
........................................................................................................................................###########.............................................................................................................
........................................................................................................................................###########.............................................................................................................
........................................................................................................................................###########.............................................................................................................
........................................................................................................................................###########.............................................................................................................
................................................................................................................................................................................................................................................................
................................................................................................................................................................................................................................................................
................................................................................................................................................................................................................................................................
................................................................................................................................................................................................................................................................
................................................................................................................................................................................................................................................................
................................................................................................................................................................................................................................................................
................................................................................................................................................................................................................................................................
..........................................................................................................................................................#######...............................................................................................
..........................................................................................................................................................#######...............................................................................................
..........................................................................................................................................................#######...............................................................................................
..........................................................................................................................................................#######...............................................................................................
..........................................................................................................................................................#######...............................................................................................
..........................................................................................................................................................#######...............................................................................................
..........................................................................................................................................................#######...............................................................................................
..........................................................................................................................................................#######...............................................................................................
..........................................................................................................................................................#######...............................................................................................
..........................................................................................................................................................#######...............................................................................................
..........................................................................................................................................................#######...............................................................................................
.................................................................................................................................................................###########....................................................................................
.................................................................................................................................................................###########....................................................................................
.................................................................................................................................................................###########....................................................................................
.................................................................................................................................................................###########....................................................................................
.................................................................................................................................................................###########....................................................................................
.................................................................................................................................................................###########....................................................................................
.................................................................................................................................................................###########....................................................................................
................................................................................................................................................................................................................................................................
................................................................................................................................................................................................................................................................
................................................................................................................................................................................................................................................................
................................................................................................................................................................................................................................................................
................................................................................................................................................................................................................................................................
................................................................................................................................................................................................................................................................
................................................................................................................................................................................................................................................................
................................................................................................................................................................................................................................................................
...................................................................................................................................................................................########.....................................................................
...................................................................................................................................................................................########.....................................................................
...................................................................................................................................................................................########.....................................................................
...................................................................................................................................................................................########.....................................................................
...................................................................................................................................................................................########.....................................................................
...................................................................................................................................................................................########.....................................................................
...................................................................................................................................................................................########.....................................................................
...................................................................................................................................................................................########.....................................................................
...................................................................................................................................................................................########.....................................................................
...................................................................................................................................................................................########.....................................................................
...................................................................................................................................................................................########.....................................................................
...........................................................................................................................................................................................###########...........###########....................................
...........................................................................................................................................................................................###########...........###########....................................
...........................................................................................................................................................................................###########...........###########....................................
...........................................................................................................................................................................................###########...........###########....................................
...........................................................................................................................................................................................###########...........###########....................................
...........................................................................................................................................................................................###########...........###########....................................
...........................................................................................................................................................................................###########...........###########....................................
...........................................................................................................................................................................................###########...........###########....................................
...........................................................................................................................................................................................###########...........###########....................................
...........................................................................................................................................................................................###########...........###########....................................
...........................................................................................................................................................................................###########...........###########....................................
......................................................................................................................................................................................................###########...............................................
......................................................................................................................................................................................................###########...............................................
......................................................................................................................................................................................................###########...............................................
......................................................................................................................................................................................................###########...............................................
......................................................................................................................................................................................................###########...............................................
......................................................................................................................................................................................................###########...............................................
......................................................................................................................................................................................................###########...............................................
......................................................................................................................................................................................................###########...............................................
......................................................................................................................................................................................................###########...............................................
......................................................................................................................................................................................................###########...............................................
......................................................................................................................................................................................................###########...............................................
......................................................................................................................................................................................................###########...............................................
......................................................................................................................................................................................................###########...............................................
......................................................................................................................................................................................................###########...............................................
......................................................................................................................................................................................................###########...............................................
......................................................................................................................................................................................................###########...............................................
......................................................................................................................................................................................................###########...............................................
......................................................................................................................................................................................................###########...............................................
.................................................................................................................................................................................................................###########....................................
.................................................................................................................................................................................................................###########....................................
.................................................................................................................................................................................................................###########....................................
.................................................................................................................................................................................................................###########....................................
.................................................................................................................................................................................................................###########....................................
.................................................................................................................................................................................................................###########....................................
.................................................................................................................................................................................................................###########....................................
................................................................................................................................................................................................................................................................
................................................................................................................................................................................................................................................................
................................................................................................................................................................................................................................................................
................................................................................................................................................................................................................................................................
................................................................................................................................................................................................................................................................
................................................................................................................................................................................................................................................................
................................................................................................................................................................................................................................................................
..........................................................................................................................................................................................................................................#######...............
..........................................................................................................................................................................................................................................#######...............
..........................................................................................................................................................................................................................................#######...............
..........................................................................................................................................................................................................................................#######...............
..........................................................................................................................................................................................................................................#######...............
..........................................................................................................................................................................................................................................#######...............
..........................................................................................................................................................................................................................................#######...............
..........................................................................................................................................................................................................................................#######...............
..........................................................................................................................................................................................................................................#######...............
..........................................................................................................................................................................................................................................#######...............
..........................................................................................................................................................................................................................................#######...............
.................................................................................................................................................................................................................................................###########....
.................................................................................................................................................................................................................................................###########....
.................................................................................................................................................................................................................................................###########....
.................................................................................................................................................................................................................................................###########....

Column attention mask (256x256)
#..............................#..........................................................................................#......#.................#........................#...............................................#......#........................#...
.#..............................#..........................................................................................#......#.................#........................#...............................................#......#........................#..
..#..............................#..........................................................................................#......#.................#........................#...............................................#......#........................#.
...#..............................#..........................................................................................#......#.................#........................#...............................................#......#........................#
....#..............................#..........................................................................................#......#.................#........................#...............................................#......#........................
.....#..............................#..........................................................................................#......#.................#........................#...............................................#......#.......................
......#..............................#..........................................................................................#......#.................#........................#...............................................#......#......................
.......#........................................................................................................................................................................................................................................................
........#.......................................................................................................................................................................................................................................................
.........#......................................................................................................................................................................................................................................................
..........#.....................................................................................................................................................................................................................................................
...........#....................................................................................................................................................................................................................................................
............#...................................................................................................................................................................................................................................................
.............#...........................................................#...................#............................................................#...............................................................................#.....................
..............#...........................................................#...................#............................................................#...............................................................................#....................
...............#...........................................................#...................#............................................................#...............................................................................#...................
................#...........................................................#...................#............................................................#...............................................................................#..................
.................#...........................................................#...................#............................................................#...............................................................................#.................
..................#...........................................................#...................#............................................................#...............................................................................#................
...................#...........................................................#...................#............................................................#...............................................................................#...............
....................#.................#.............................................................#..........#........................#........................#.........................#..........#..........#...............................#..............
.....................#.................#.............................................................#..........#........................#........................#.........................#..........#..........#...............................#.............
......................#.................#.............................................................#..........#........................#........................#.........................#..........#..........#...............................#............
.......................#.................#.............................................................#..........#........................#........................#.........................#..........#..........#...............................#...........
........................#.................#.............................................................#..........#........................#........................#.........................#..........#..........#...............................#..........
.........................#.................#.............................................................#..........#........................#........................#.........................#..........#..........#...............................#.........
..........................#.................#.............................................................#..........#........................#........................#.........................#..........#..........#...............................#........
...........................#.................#.............................................................#..........#........................#........................#.........................#..........#..........#...............................#.......
............................#.................#.............................................................#..........#........................#........................#.........................#..........#..........#...............................#......
.............................#.................#.............................................................#..........#........................#........................#.........................#..........#..........#...............................#.....
..............................#.................#.............................................................#..........#........................#........................#.........................#..........#..........#...............................#....
#..............................#..........................................................................................#......#.................#........................#...............................................#......#........................#...
.#..............................#..........................................................................................#......#.................#........................#...............................................#......#........................#..
..#..............................#..........................................................................................#......#.................#........................#...............................................#......#........................#.
...#..............................#..........................................................................................#......#.................#........................#...............................................#......#........................#
....#..............................#..........................................................................................#......#.................#........................#...............................................#......#........................
.....#..............................#..........................................................................................#......#.................#........................#...............................................#......#.......................
......#..............................#..........................................................................................#......#.................#........................#...............................................#......#......................
....................#.................#.............................................................#..........#........................#........................#.........................#..........#..........#...............................#..............
.....................#.................#.............................................................#..........#........................#........................#.........................#..........#..........#...............................#.............
......................#.................#.............................................................#..........#........................#........................#.........................#..........#..........#...............................#............
.......................#.................#.............................................................#..........#........................#........................#.........................#..........#..........#...............................#...........
........................#.................#.............................................................#..........#........................#........................#.........................#..........#..........#...............................#..........
.........................#.................#.............................................................#..........#........................#........................#.........................#..........#..........#...............................#.........
..........................#.................#.............................................................#..........#........................#........................#.........................#..........#..........#...............................#........
...........................#.................#.............................................................#..........#........................#........................#.........................#..........#..........#...............................#.......
............................#.................#.............................................................#..........#........................#........................#.........................#..........#..........#...............................#......
.............................#.................#.............................................................#..........#........................#........................#.........................#..........#..........#...............................#.....
..............................#.................#.............................................................#..........#........................#........................#.........................#..........#..........#...............................#....
.................................................#.......#.......#..............#..................................................................................................#............................................................................
..................................................#.......#.......#..............#..................................................................................................#...........................................................................
...................................................#.......#.......#..............#..................................................................................................#..........................................................................
....................................................#.......#.......#..............#..................................................................................................#.........................................................................
.....................................................#.......#.......#..............#..................................................................................................#........................................................................
......................................................#.......#.......#..............#..................................................................................................#.......................................................................
.......................................................#.......#.......#..............#..................................................................................................#......................................................................
........................................................#.......#.......#..............#..................................................................................................#.....................................................................
.................................................#.......#.......#..............#..................................................................................................#............................................................................
..................................................#.......#.......#..............#..................................................................................................#...........................................................................
...................................................#.......#.......#..............#..................................................................................................#..........................................................................
....................................................#.......#.......#..............#..................................................................................................#.........................................................................
.....................................................#.......#.......#..............#..................................................................................................#........................................................................
......................................................#.......#.......#..............#..................................................................................................#.......................................................................
.......................................................#.......#.......#..............#..................................................................................................#......................................................................
........................................................#.......#.......#..............#..................................................................................................#.....................................................................
.................................................#.......#.......#..............#..................................................................................................#............................................................................
..................................................#.......#.......#..............#..................................................................................................#...........................................................................
...................................................#.......#.......#..............#..................................................................................................#..........................................................................
....................................................#.......#.......#..............#..................................................................................................#.........................................................................
.....................................................#.......#.......#..............#..................................................................................................#........................................................................
......................................................#.......#.......#..............#..................................................................................................#.......................................................................
.......................................................#.......#.......#..............#..................................................................................................#......................................................................
........................................................#.......#.......#..............#..................................................................................................#.....................................................................
.............#...........................................................#...................#............................................................#...............................................................................#.....................
..............#...........................................................#...................#............................................................#...............................................................................#....................
...............#...........................................................#...................#............................................................#...............................................................................#...................
................#...........................................................#...................#............................................................#...............................................................................#..................
.................#...........................................................#...................#............................................................#...............................................................................#.................
..................#...........................................................#...................#............................................................#...............................................................................#................
...................#...........................................................#...................#............................................................#...............................................................................#...............
.................................................#.......#.......#..............#..................................................................................................#............................................................................
..................................................#.......#.......#..............#..................................................................................................#...........................................................................
...................................................#.......#.......#..............#..................................................................................................#..........................................................................
....................................................#.......#.......#..............#..................................................................................................#.........................................................................
.....................................................#.......#.......#..............#..................................................................................................#........................................................................
......................................................#.......#.......#..............#..................................................................................................#.......................................................................
.......................................................#.......#.......#..............#..................................................................................................#......................................................................
........................................................#.......#.......#..............#..................................................................................................#.....................................................................
........................................................................................#.......................................................................................................................................................................
.........................................................................................#......................................................................................................................................................................
..........................................................................................#.....................................................................................................................................................................
...........................................................................................#....................................................................................................................................................................
............................................................................................#...................................................................................................................................................................
.............#...........................................................#...................#............................................................#...............................................................................#.....................
..............#...........................................................#...................#............................................................#...............................................................................#....................
...............#...........................................................#...................#............................................................#...............................................................................#...................
................#...........................................................#...................#............................................................#...............................................................................#..................
.................#...........................................................#...................#............................................................#...............................................................................#.................
..................#...........................................................#...................#............................................................#...............................................................................#................
...................#...........................................................#...................#............................................................#...............................................................................#...............
....................#.................#.............................................................#..........#........................#........................#.........................#..........#..........#...............................#..............
.....................#.................#.............................................................#..........#........................#........................#.........................#..........#..........#...............................#.............
......................#.................#.............................................................#..........#........................#........................#.........................#..........#..........#...............................#............
.......................#.................#.............................................................#..........#........................#........................#.........................#..........#..........#...............................#...........
........................#.................#.............................................................#..........#........................#........................#.........................#..........#..........#...............................#..........
.........................#.................#.............................................................#..........#........................#........................#.........................#..........#..........#...............................#.........
..........................#.................#.............................................................#..........#........................#........................#.........................#..........#..........#...............................#........
...........................#.................#.............................................................#..........#........................#........................#.........................#..........#..........#...............................#.......
............................#.................#.............................................................#..........#........................#........................#.........................#..........#..........#...............................#......
.............................#.................#.............................................................#..........#........................#........................#.........................#..........#..........#...............................#.....
..............................#.................#.............................................................#..........#........................#........................#.........................#..........#..........#...............................#....
....................#.................#.............................................................#..........#........................#........................#.........................#..........#..........#...............................#..............
.....................#.................#.............................................................#..........#........................#........................#.........................#..........#..........#...............................#.............
......................#.................#.............................................................#..........#........................#........................#.........................#..........#..........#...............................#............
.......................#.................#.............................................................#..........#........................#........................#.........................#..........#..........#...............................#...........
........................#.................#.............................................................#..........#........................#........................#.........................#..........#..........#...............................#..........
.........................#.................#.............................................................#..........#........................#........................#.........................#..........#..........#...............................#.........
..........................#.................#.............................................................#..........#........................#........................#.........................#..........#..........#...............................#........
...........................#.................#.............................................................#..........#........................#........................#.........................#..........#..........#...............................#.......
............................#.................#.............................................................#..........#........................#........................#.........................#..........#..........#...............................#......
.............................#.................#.............................................................#..........#........................#........................#.........................#..........#..........#...............................#.....
..............................#.................#.............................................................#..........#........................#........................#.........................#..........#..........#...............................#....
#..............................#..........................................................................................#......#.................#........................#...............................................#......#........................#...
.#..............................#..........................................................................................#......#.................#........................#...............................................#......#........................#..
..#..............................#..........................................................................................#......#.................#........................#...............................................#......#........................#.
...#..............................#..........................................................................................#......#.................#........................#...............................................#......#........................#
....#..............................#..........................................................................................#......#.................#........................#...............................................#......#........................
.....#..............................#..........................................................................................#......#.................#........................#...............................................#......#.......................
......#..............................#..........................................................................................#......#.................#........................#...............................................#......#......................
#..............................#..........................................................................................#......#.................#........................#...............................................#......#........................#...
.#..............................#..........................................................................................#......#.................#........................#...............................................#......#........................#..
..#..............................#..........................................................................................#......#.................#........................#...............................................#......#........................#.
...#..............................#..........................................................................................#......#.................#........................#...............................................#......#........................#
....#..............................#..........................................................................................#......#.................#........................#...............................................#......#........................
.....#..............................#..........................................................................................#......#.................#........................#...............................................#......#.......................
......#..............................#..........................................................................................#......#.................#........................#...............................................#......#......................
....................#.................#.............................................................#..........#........................#........................#.........................#..........#..........#...............................#..............
.....................#.................#.............................................................#..........#........................#........................#.........................#..........#..........#...............................#.............
......................#.................#.............................................................#..........#........................#........................#.........................#..........#..........#...............................#............
.......................#.................#.............................................................#..........#........................#........................#.........................#..........#..........#...............................#...........
........................#.................#.............................................................#..........#........................#........................#.........................#..........#..........#...............................#..........
.........................#.................#.............................................................#..........#........................#........................#.........................#..........#..........#...............................#.........
..........................#.................#.............................................................#..........#........................#........................#.........................#..........#..........#...............................#........
...........................#.................#.............................................................#..........#........................#........................#.........................#..........#..........#...............................#.......
............................#.................#.............................................................#..........#........................#........................#.........................#..........#..........#...............................#......
.............................#.................#.............................................................#..........#........................#........................#.........................#..........#..........#...............................#.....
..............................#.................#.............................................................#..........#........................#........................#.........................#..........#..........#...............................#....
#..............................#..........................................................................................#......#.................#........................#...............................................#......#........................#...
.#..............................#..........................................................................................#......#.................#........................#...............................................#......#........................#..
..#..............................#..........................................................................................#......#.................#........................#...............................................#......#........................#.
...#..............................#..........................................................................................#......#.................#........................#...............................................#......#........................#
....#..............................#..........................................................................................#......#.................#........................#...............................................#......#........................
.....#..............................#..........................................................................................#......#.................#........................#...............................................#......#.......................
......#..............................#..........................................................................................#......#.................#........................#...............................................#......#......................
.............#...........................................................#...................#............................................................#...............................................................................#.....................
..............#...........................................................#...................#............................................................#...............................................................................#....................
...............#...........................................................#...................#............................................................#...............................................................................#...................
................#...........................................................#...................#............................................................#...............................................................................#..................
.................#...........................................................#...................#............................................................#...............................................................................#.................
..................#...........................................................#...................#............................................................#...............................................................................#................
...................#...........................................................#...................#............................................................#...............................................................................#...............
....................#.................#.............................................................#..........#........................#........................#.........................#..........#..........#...............................#..............
.....................#.................#.............................................................#..........#........................#........................#.........................#..........#..........#...............................#.............
......................#.................#.............................................................#..........#........................#........................#.........................#..........#..........#...............................#............
.......................#.................#.............................................................#..........#........................#........................#.........................#..........#..........#...............................#...........
........................#.................#.............................................................#..........#........................#........................#.........................#..........#..........#...............................#..........
.........................#.................#.............................................................#..........#........................#........................#.........................#..........#..........#...............................#.........
..........................#.................#.............................................................#..........#........................#........................#.........................#..........#..........#...............................#........
...........................#.................#.............................................................#..........#........................#........................#.........................#..........#..........#...............................#.......
............................#.................#.............................................................#..........#........................#........................#.........................#..........#..........#...............................#......
.............................#.................#.............................................................#..........#........................#........................#.........................#..........#..........#...............................#.....
..............................#.................#.............................................................#..........#........................#........................#.........................#..........#..........#...............................#....
#..............................#..........................................................................................#......#.................#........................#...............................................#......#........................#...
.#..............................#..........................................................................................#......#.................#........................#...............................................#......#........................#..
..#..............................#..........................................................................................#......#.................#........................#...............................................#......#........................#.
...#..............................#..........................................................................................#......#.................#........................#...............................................#......#........................#
....#..............................#..........................................................................................#......#.................#........................#...............................................#......#........................
.....#..............................#..........................................................................................#......#.................#........................#...............................................#......#.......................
......#..............................#..........................................................................................#......#.................#........................#...............................................#......#......................
.................................................#.......#.......#..............#..................................................................................................#............................................................................
..................................................#.......#.......#..............#..................................................................................................#...........................................................................
...................................................#.......#.......#..............#..................................................................................................#..........................................................................
....................................................#.......#.......#..............#..................................................................................................#.........................................................................
.....................................................#.......#.......#..............#..................................................................................................#........................................................................
......................................................#.......#.......#..............#..................................................................................................#.......................................................................
.......................................................#.......#.......#..............#..................................................................................................#......................................................................
........................................................#.......#.......#..............#..................................................................................................#.....................................................................
....................#.................#.............................................................#..........#........................#........................#.........................#..........#..........#...............................#..............
.....................#.................#.............................................................#..........#........................#........................#.........................#..........#..........#...............................#.............
......................#.................#.............................................................#..........#........................#........................#.........................#..........#..........#...............................#............
.......................#.................#.............................................................#..........#........................#........................#.........................#..........#..........#...............................#...........
........................#.................#.............................................................#..........#........................#........................#.........................#..........#..........#...............................#..........
.........................#.................#.............................................................#..........#........................#........................#.........................#..........#..........#...............................#.........
..........................#.................#.............................................................#..........#........................#........................#.........................#..........#..........#...............................#........
...........................#.................#.............................................................#..........#........................#........................#.........................#..........#..........#...............................#.......
............................#.................#.............................................................#..........#........................#........................#.........................#..........#..........#...............................#......
.............................#.................#.............................................................#..........#........................#........................#.........................#..........#..........#...............................#.....
..............................#.................#.............................................................#..........#........................#........................#.........................#..........#..........#...............................#....
....................#.................#.............................................................#..........#........................#........................#.........................#..........#..........#...............................#..............
.....................#.................#.............................................................#..........#........................#........................#.........................#..........#..........#...............................#.............
......................#.................#.............................................................#..........#........................#........................#.........................#..........#..........#...............................#............
.......................#.................#.............................................................#..........#........................#........................#.........................#..........#..........#...............................#...........
........................#.................#.............................................................#..........#........................#........................#.........................#..........#..........#...............................#..........
.........................#.................#.............................................................#..........#........................#........................#.........................#..........#..........#...............................#.........
..........................#.................#.............................................................#..........#........................#........................#.........................#..........#..........#...............................#........
...........................#.................#.............................................................#..........#........................#........................#.........................#..........#..........#...............................#.......
............................#.................#.............................................................#..........#........................#........................#.........................#..........#..........#...............................#......
.............................#.................#.............................................................#..........#........................#........................#.........................#..........#..........#...............................#.....
..............................#.................#.............................................................#..........#........................#........................#.........................#..........#..........#...............................#....
....................#.................#.............................................................#..........#........................#........................#.........................#..........#..........#...............................#..............
.....................#.................#.............................................................#..........#........................#........................#.........................#..........#..........#...............................#.............
......................#.................#.............................................................#..........#........................#........................#.........................#..........#..........#...............................#............
.......................#.................#.............................................................#..........#........................#........................#.........................#..........#..........#...............................#...........
........................#.................#.............................................................#..........#........................#........................#.........................#..........#..........#...............................#..........
.........................#.................#.............................................................#..........#........................#........................#.........................#..........#..........#...............................#.........
..........................#.................#.............................................................#..........#........................#........................#.........................#..........#..........#...............................#........
...........................#.................#.............................................................#..........#........................#........................#.........................#..........#..........#...............................#.......
............................#.................#.............................................................#..........#........................#........................#.........................#..........#..........#...............................#......
.............................#.................#.............................................................#..........#........................#........................#.........................#..........#..........#...............................#.....
..............................#.................#.............................................................#..........#........................#........................#.........................#..........#..........#...............................#....
#..............................#..........................................................................................#......#.................#........................#...............................................#......#........................#...
.#..............................#..........................................................................................#......#.................#........................#...............................................#......#........................#..
..#..............................#..........................................................................................#......#.................#........................#...............................................#......#........................#.
...#..............................#..........................................................................................#......#.................#........................#...............................................#......#........................#
....#..............................#..........................................................................................#......#.................#........................#...............................................#......#........................
.....#..............................#..........................................................................................#......#.................#........................#...............................................#......#.......................
......#..............................#..........................................................................................#......#.................#........................#...............................................#......#......................
#..............................#..........................................................................................#......#.................#........................#...............................................#......#........................#...
.#..............................#..........................................................................................#......#.................#........................#...............................................#......#........................#..
..#..............................#..........................................................................................#......#.................#........................#...............................................#......#........................#.
...#..............................#..........................................................................................#......#.................#........................#...............................................#......#........................#
....#..............................#..........................................................................................#......#.................#........................#...............................................#......#........................
.....#..............................#..........................................................................................#......#.................#........................#...............................................#......#.......................
......#..............................#..........................................................................................#......#.................#........................#...............................................#......#......................
.............#...........................................................#...................#............................................................#...............................................................................#.....................
..............#...........................................................#...................#............................................................#...............................................................................#....................
...............#...........................................................#...................#............................................................#...............................................................................#...................
................#...........................................................#...................#............................................................#...............................................................................#..................
.................#...........................................................#...................#............................................................#...............................................................................#.................
..................#...........................................................#...................#............................................................#...............................................................................#................
...................#...........................................................#...................#............................................................#...............................................................................#...............
....................#.................#.............................................................#..........#........................#........................#.........................#..........#..........#...............................#..............
.....................#.................#.............................................................#..........#........................#........................#.........................#..........#..........#...............................#.............
......................#.................#.............................................................#..........#........................#........................#.........................#..........#..........#...............................#............
.......................#.................#.............................................................#..........#........................#........................#.........................#..........#..........#...............................#...........
........................#.................#.............................................................#..........#........................#........................#.........................#..........#..........#...............................#..........
.........................#.................#.............................................................#..........#........................#........................#.........................#..........#..........#...............................#.........
..........................#.................#.............................................................#..........#........................#........................#.........................#..........#..........#...............................#........
...........................#.................#.............................................................#..........#........................#........................#.........................#..........#..........#...............................#.......
............................#.................#.............................................................#..........#........................#........................#.........................#..........#..........#...............................#......
.............................#.................#.............................................................#..........#........................#........................#.........................#..........#..........#...............................#.....
..............................#.................#.............................................................#..........#........................#........................#.........................#..........#..........#...............................#....
#..............................#..........................................................................................#......#.................#........................#...............................................#......#........................#...
.#..............................#..........................................................................................#......#.................#........................#...............................................#......#........................#..
..#..............................#..........................................................................................#......#.................#........................#...............................................#......#........................#.
...#..............................#..........................................................................................#......#.................#........................#...............................................#......#........................#

Outbound attention mask tiled (8x8 tiles, tile=32)
*+......
**+.....
*+++....
+++*+...
++.+*+..
++..+*+.
++...+*+
++....+*

Inbound attention mask tiled (8x8 tiles, tile=32)
+**+++++
++++++++
........
..+++...
...++...
....++..
.....+*.
......++

Column attention mask tiled (8x8 tiles, tile=32)
++++++++
++++++++
++++++.+
++++++++
++++++++
++++++++
++.+++++
++++++++

Outbound attention mask (after out_perm) (256x256)
#######......................................................................................................................................###########..........................................................................................#######.......
#######......................................................................................................................................###########..........................................................................................#######.......
#######......................................................................................................................................###########..........................................................................................#######.......
#######......................................................................................................................................###########..........................................................................................#######.......
#######......................................................................................................................................###########..........................................................................................#######.......
#######......................................................................................................................................###########..........................................................................................#######.......
#######......................................................................................................................................###########..........................................................................................#######.......
.......######################...........................................................................................................................................................................#######.................................................
.......######################...........................................................................................................................................................................#######.................................................
.......######################...........................................................................................................................................................................#######.................................................
.......######################...........................................................................................................................................................................#######.................................................
.......######################...........................................................................................................................................................................#######.................................................
.......######################...........................................................................................................................................................................#######.................................................
.......######################...........................................................................................................................................................................#######.................................................
.......######################...........................................................................................................................................................................#######.................................................
.......######################...........................................................................................................................................................................#######.................................................
.......######################...........................................................................................................................................................................#######.................................................
.......######################...........................................................................................................................................................................#######.................................................
.......######################..................................................................................................................................................................................#######..........................................
.......######################..................................................................................................................................................................................#######..........................................
.......######################..................................................................................................................................................................................#######..........................................
.......######################..................................................................................................................................................................................#######..........................................
.......######################..................................................................................................................................................................................#######..........................................
.......######################..................................................................................................................................................................................#######..........................................
.......######################..................................................................................................................................................................................#######..........................................
.......######################..................................................................................................................................................................................#######..........................................
.......######################..................................................................................................................................................................................#######..........................................
.......######################..................................................................................................................................................................................#######..........................................
.......######################..................................................................................................................................................................................#######..........................................
..................######################..........................................................................................................................................................................................................#######.......
..................######################..........................................................................................................................................................................................................#######.......
..................######################..........................................................................................................................................................................................................#######.......
..................######################..........................................................................................................................................................................................................#######.......
..................######################..........................................................................................................................................................................................................#######.......
..................######################..........................................................................................................................................................................................................#######.......
..................######################..........................................................................................................................................................................................................#######.......
..................######################..........................................................................................................................................................................................................#######.......
..................######################..........................................................................................................................................................................................................#######.......
..................######################..........................................................................................................................................................................................................#######.......
..................######################..........................................................................................................................................................................................................#######.......
.............................###################..................................................................................................................................................................................................#######.......
.............................###################..................................................................................................................................................................................................#######.......
.............................###################..................................................................................................................................................................................................#######.......
.............................###################..................................................................................................................................................................................................#######.......
.............................###################..................................................................................................................................................................................................#######.......
.............................###################..................................................................................................................................................................................................#######.......
.............................###################..................................................................................................................................................................................................#######.......
.............................###################..................................................................................................................................................................................................#######.......
................................................#######.................................................................................................###########...............................................................................#######.......
................................................#######.................................................................................................###########...............................................................................#######.......
................................................#######.................................................................................................###########...............................................................................#######.......
................................................#######.................................................................................................###########...............................................................................#######.......
................................................#######.................................................................................................###########...............................................................................#######.......
................................................#######.................................................................................................###########...............................................................................#######.......
................................................#######.................................................................................................###########...............................................................................#######.......
.......................................................######################................................................................................................................................................#######............................
.......................................................######################................................................................................................................................................#######............................
.......................................................######################................................................................................................................................................#######............................
.......................................................######################................................................................................................................................................#######............................
.......................................................######################................................................................................................................................................#######............................
.......................................................######################................................................................................................................................................#######............................
.......................................................######################................................................................................................................................................#######............................
.......................................................######################................................................................................................................................................#######............................
.......................................................######################................................................................................................................................................#######............................
.......................................................######################................................................................................................................................................#######............................
.......................................................######################................................................................................................................................................#######............................
.......................................................######################.......................................................................................................................................................#######.....................
.......................................................######################.......................................................................................................................................................#######.....................
.......................................................######################.......................................................................................................................................................#######.....................
.......................................................######################.......................................................................................................................................................#######.....................
.......................................................######################.......................................................................................................................................................#######.....................
.......................................................######################.......................................................................................................................................................#######.....................
.......................................................######################.......................................................................................................................................................#######.....................
.......................................................######################.......................................................................................................................................................#######.....................
.......................................................######################.......................................................................................................................................................#######.....................
.......................................................######################.......................................................................................................................................................#######.....................
.......................................................######################.......................................................................................................................................................#######.....................
..................................................................######################...................................................................................................................................................#######..............
..................................................................######################...................................................................................................................................................#######..............
..................................................................######################...................................................................................................................................................#######..............
..................................................................######################...................................................................................................................................................#######..............
..................................................................######################...................................................................................................................................................#######..............
..................................................................######################...................................................................................................................................................#######..............
..................................................................######################...................................................................................................................................................#######..............
..................................................................######################...................................................................................................................................................#######..............
..................................................................######################...................................................................................................................................................#######..............
..................................................................######################...................................................................................................................................................#######..............
..................................................................######################...................................................................................................................................................#######..............
.............................................................................##################...................................................................................................................................................#######.......
.............................................................................##################...................................................................................................................................................#######.......
.............................................................................##################...................................................................................................................................................#######.......
.............................................................................##################...................................................................................................................................................#######.......
.............................................................................##################...................................................................................................................................................#######.......
.............................................................................##################...................................................................................................................................................#######.......
.............................................................................##################...................................................................................................................................................#######.......
...............................................................................................########.......................................................................###########.........................................................#######.......
...............................................................................................########.......................................................................###########.........................................................#######.......
...............................................................................................########.......................................................................###########.........................................................#######.......
...............................................................................................########.......................................................................###########.........................................................#######.......
...............................................................................................########.......................................................................###########.........................................................#######.......
...............................................................................................########.......................................................................###########.........................................................#######.......
...............................................................................................########.......................................................................###########.........................................................#######.......
...............................................................................................########.......................................................................###########.........................................................#######.......
.......................................................................................................#######................................................................###########.........................................................#######.......
.......................................................................................................#######................................................................###########.........................................................#######.......
.......................................................................................................#######................................................................###########.........................................................#######.......
.......................................................................................................#######................................................................###########.........................................................#######.......
.......................................................................................................#######................................................................###########.........................................................#######.......
.......................................................................................................#######................................................................###########.........................................................#######.......
.......................................................................................................#######................................................................###########.........................................................#######.......
..............................................................................................................########.............................................###########...........................................................................#######
..............................................................................................................########.............................................###########...........................................................................#######
..............................................................................................................########.............................................###########...........................................................................#######
..............................................................................................................########.............................................###########...........................................................................#######
..............................................................................................................########.............................................###########...........................................................................#######
..............................................................................................................########.............................................###########...........................................................................#######
..............................................................................................................########.............................................###########...........................................................................#######
..............................................................................................................########.............................................###########...........................................................................#######
......................................................................................................................########.....................................###########...........................................................................#######
......................................................................................................................########.....................................###########...........................................................................#######
......................................................................................................................########.....................................###########...........................................................................#######
......................................................................................................................########.....................................###########...........................................................................#######
......................................................................................................................########.....................................###########...........................................................................#######
......................................................................................................................########.....................................###########...........................................................................#######
......................................................................................................................########.....................................###########...........................................................................#######
......................................................................................................................########.....................................###########...........................................................................#######
..............................................................................................................................########.............................###########...........................................................................#######
..............................................................................................................................########.............................###########...........................................................................#######
..............................................................................................................................########.............................###########...........................................................................#######
..............................................................................................................................########.............................###########...........................................................................#######
..............................................................................................................................########.............................###########...........................................................................#######
..............................................................................................................................########.............................###########...........................................................................#######
..............................................................................................................................########.............................###########...........................................................................#######
..............................................................................................................................########.............................###########...........................................................................#######
......................................................................................................................................#######.................................###########................................................................#######
......................................................................................................................................#######.................................###########................................................................#######
......................................................................................................................................#######.................................###########................................................................#######
......................................................................................................................................#######.................................###########................................................................#######
......................................................................................................................................#######.................................###########................................................................#######
......................................................................................................................................#######.................................###########................................................................#######
......................................................................................................................................#######.................................###########................................................................#######
.............................................................................................................................................###########............................................####........................................................
.............................................................................................................................................###########............................................####........................................................
.............................................................................................................................................###########............................................####........................................................
.............................................................................................................................................###########............................................####........................................................
.............................................................................................................................................###########............................................####........................................................
.............................................................................................................................................###########............................................####........................................................
.............................................................................................................................................###########............................................####........................................................
.............................................................................................................................................###########............................................####........................................................
.............................................................................................................................................###########............................................####........................................................
.............................................................................................................................................###########............................................####........................................................
.............................................................................................................................................###########............................................####........................................................
........................................................................................................................................................###########...................................................#######...................................
........................................................................................................................................................###########...................................................#######...................................
........................................................................................................................................................###########...................................................#######...................................
........................................................................................................................................................###########...................................................#######...................................
........................................................................................................................................................###########...................................................#######...................................
........................................................................................................................................................###########...................................................#######...................................
........................................................................................................................................................###########...................................................#######...................................
........................................................................................................................................................###########...................................................#######...................................
........................................................................................................................................................###########...................................................#######...................................
........................................................................................................................................................###########...................................................#######...................................
........................................................................................................................................................###########...................................................#######...................................
...................................................................................................................................................................######################................................................................#######
...................................................................................................................................................................######################................................................................#######
...................................................................................................................................................................######################................................................................#######
...................................................................................................................................................................######################................................................................#######
...................................................................................................................................................................######################................................................................#######
...................................................................................................................................................................######################................................................................#######
...................................................................................................................................................................######################................................................................#######
...................................................................................................................................................................######################................................................................#######
...................................................................................................................................................................######################................................................................#######
...................................................................................................................................................................######################................................................................#######
...................................................................................................................................................................######################................................................................#######
...................................................................................................................................................................######################.........................................................#######.......
...................................................................................................................................................................######################.........................................................#######.......
...................................................................................................................................................................######################.........................................................#######.......
...................................................................................................................................................................######################.........................................................#######.......
...................................................................................................................................................................######################.........................................................#######.......
...................................................................................................................................................................######################.........................................................#######.......
...................................................................................................................................................................######################.........................................................#######.......
...................................................................................................................................................................######################.........................................................#######.......
...................................................................................................................................................................######################.........................................................#######.......
...................................................................................................................................................................######################.........................................................#######.......
...................................................................................................................................................................######################.........................................................#######.......
..............................................................................................................................................................................################..................................................................
..............................................................................................................................................................................################..................................................................
..............................................................................................................................................................................################..................................................................
..............................................................................................................................................................................################..................................................................
..............................................................................................................................................................................################..................................................................
..............................................................................................................................................................................................######.....................................................#######
..............................................................................................................................................................................................######.....................................................#######
..............................................................................................................................................................................................######.....................................................#######
..............................................................................................................................................................................................######.....................................................#######
..............................................................................................................................................................................................######.....................................................#######
..............................................................................................................................................................................................######.....................................................#######
....................................................................................................................................................................................................####........................................................
....................................................................................................................................................................................................####........................................................
....................................................................................................................................................................................................####........................................................
....................................................................................................................................................................................................####........................................................
........................................................................................................................................................................................................#######.................................................
........................................................................................................................................................................................................#######.................................................
........................................................................................................................................................................................................#######.................................................
........................................................................................................................................................................................................#######.................................................
........................................................................................................................................................................................................#######.................................................
........................................................................................................................................................................................................#######.................................................
........................................................................................................................................................................................................#######.................................................
...............................................................................................................................................................................................................#######..........................................
...............................................................................................................................................................................................................#######..........................................
...............................................................................................................................................................................................................#######..........................................
...............................................................................................................................................................................................................#######..........................................
...............................................................................................................................................................................................................#######..........................................
...............................................................................................................................................................................................................#######..........................................
...............................................................................................................................................................................................................#######..........................................
......................................................................................................................................................................................................................#######...................................
......................................................................................................................................................................................................................#######...................................
......................................................................................................................................................................................................................#######...................................
......................................................................................................................................................................................................................#######...................................
......................................................................................................................................................................................................................#######...................................
......................................................................................................................................................................................................................#######...................................
......................................................................................................................................................................................................................#######...................................
.............................................................................................................................................................................................................................#######............................
.............................................................................................................................................................................................................................#######............................
.............................................................................................................................................................................................................................#######............................
.............................................................................................................................................................................................................................#######............................
.............................................................................................................................................................................................................................#######............................
.............................................................................................................................................................................................................................#######............................
.............................................................................................................................................................................................................................#######............................
....................................................................................................................................................................................................................................#######.....................
....................................................................................................................................................................................................................................#######.....................
....................................................................................................................................................................................................................................#######.....................
....................................................................................................................................................................................................................................#######.....................
....................................................................................................................................................................................................................................#######.....................
....................................................................................................................................................................................................................................#######.....................
....................................................................................................................................................................................................................................#######.....................
...........................................................................................................................................................................................................................................#######..............
...........................................................................................................................................................................................................................................#######..............
...........................................................................................................................................................................................................................................#######..............
...........................................................................................................................................................................................................................................#######..............
...........................................................................................................................................................................................................................................#######..............
...........................................................................................................................................................................................................................................#######..............
...........................................................................................................................................................................................................................................#######..............
..................................................................................................................................................................................................................................................#######.......
..................................................................................................................................................................................................................................................#######.......
..................................................................................................................................................................................................................................................#######.......
..................................................................................................................................................................................................................................................#######.......
..................................................................................................................................................................................................................................................#######.......
..................................................................................................................................................................................................................................................#######.......
..................................................................................................................................................................................................................................................#######.......
.........................................................................................................................................................................................................................................................#######
.........................................................................................................................................................................................................................................................#######
.........................................................................................................................................................................................................................................................#######
.........................................................................................................................................................................................................................................................#######
.........................................................................................................................................................................................................................................................#######
.........................................................................................................................................................................................................................................................#######
.........................................................................................................................................................................................................................................................#######

Inbound attention mask (after in_perm) (256x256)
..............###########..............................................................###########........................................................................#############################.....###############.....................................
..............###########..............................................................###########........................................................................#############################.....###############.....................................
..............###########..............................................................###########........................................................................#############################.....###############.....................................
..............###########..............................................................###########........................................................................#############################.....###############.....................................
..............###########..............................................................###########........................................................................#############################.....###############.....................................
..............###########..............................................................###########........................................................................#############################.....###############.....................................
..............###########..............................................................###########........................................................................#############################.....###############.....................................
.........................###########.......................................................................................................................................................................................#####################################
.........................###########.......................................................................................................................................................................................#####################################
.........................###########.......................................................................................................................................................................................#####################################
.........................###########.......................................................................................................................................................................................#####################################
.........................###########.......................................................................................................................................................................................#####################################
.........................###########.......................................................................................................................................................................................#####################################
.........................###########.......................................................................................................................................................................................#####################################
.........................###########...................................................................................................................................................................####################........................#######......
.........................###########...................................................................................................................................................................####################........................#######......
.........................###########...................................................................................................................................................................####################........................#######......
.........................###########...................................................................................................................................................................####################........................#######......
.........................###########...................................................................................................................................................................####################........................#######......
.........................###########...................................................................................................................................................................####################........................#######......
.........................###########...................................................................................................................................................................####################........................#######......
.........................###########...................................................................................................................................................................####################........................#######......
.........................###########...................................................................................................................................................................####################........................#######......
.........................###########...................................................................................................................................................................####################........................#######......
.........................###########...................................................................................................................................................................####################........................#######......
..............###########..................................................................................................................................................................................................########################.............
..............###########..................................................................................................................................................................................................########################.............
..............###########..................................................................................................................................................................................................########################.............
..............###########..................................................................................................................................................................................................########################.............
..............###########..................................................................................................................................................................................................########################.............
..............###########..................................................................................................................................................................................................########################.............
..............###########..................................................................................................................................................................................................########################.............
..............###########..................................................................................................................................................................................................########################.............
..............###########..................................................................................................................................................................................................########################.............
..............###########..................................................................................................................................................................................................########################.............
..............###########..................................................................................................................................................................................................########################.............
........................................###########.............................................................................................................................................................................................................
........................................###########.............................................................................................................................................................................................................
........................................###########.............................................................................................................................................................................................................
........................................###########.............................................................................................................................................................................................................
..........................................................................................................................................................................#######...............................................................................
..........................................................................................................................................................................#######...............................................................................
..........................................................................................................................................................................#######...............................................................................
..........................................................................................................................................................................#######...............................................................................
..........................................................................................................................................................................#######...............................................................................
..........................................................................................................................................................................#######...............................................................................
..........................................................................................................................................................................#######...............................................................................
..........................................................................................................................................................................#######...............................................................................
..........................................................................................................................................................................#######...............................................................................
..........................................................................................................................................................................#######...............................................................................
..........................................................................................................................................................................#######...............................................................................
............................................................................###########.........................................................................................................................................................................
............................................................................###########.........................................................................................................................................................................
............................................................................###########.........................................................................................................................................................................
............................................................................###########.........................................................................................................................................................................
............................................................................###########.........................................................................................................................................................................
............................................................................###########.........................................................................................................................................................................
............................................................................###########.........................................................................................................................................................................
.................................................................###########....................................................................................................................................................................................
.................................................................###########....................................................................................................................................................................................
.................................................................###########....................................................................................................................................................................................
.................................................................###########....................................................................................................................................................................................
.................................................................###########....................................................................................................................................................................................
.................................................................###########....................................................................................................................................................................................
.................................................................###########....................................................................................................................................................................................
............................................................................######################..............................................................................................................................................................
............................................................................######################..............................................................................................................................................................
............................................................................######################..............................................................................................................................................................
............................................................................######################..............................................................................................................................................................
............................................................................######################..............................................................................................................................................................
............................................................................######################..............................................................................................................................................................
............................................................................######################..............................................................................................................................................................
............................................................................######################..............................................................................................................................................................
............................................................................######################..............................................................................................................................................................
............................................................................######################..............................................................................................................................................................
............................................................................######################..............................................................................................................................................................
.................................................................###########....................................................................................................................................................................................
.................................................................###########....................................................................................................................................................................................
.................................................................###########....................................................................................................................................................................................
.................................................................###########....................................................................................................................................................................................
.................................................................###########....................................................................................................................................................................................
.................................................................###########....................................................................................................................................................................................
.................................................................###########....................................................................................................................................................................................
.................................................................###########....................................................................................................................................................................................
.................................................................###########....................................................................................................................................................................................
.................................................................###########....................................................................................................................................................................................
.................................................................###########....................................................................................................................................................................................
.................................................................................................................................................................................########.......................................................................
.................................................................................................................................................................................########.......................................................................
.................................................................................................................................................................................########.......................................................................
.................................................................................................................................................................................########.......................................................................
.................................................................................................................................................................................########.......................................................................
.................................................................................................................................................................................########.......................................................................
.................................................................................................................................................................................########.......................................................................
.................................................................................................................................................................................########.......................................................................
.................................................................................................................................................................................########.......................................................................
.................................................................................................................................................................................########.......................................................................
.................................................................................................................................................................................########.......................................................................
.........................................................................................................###########............................................................................................................................................
.........................................................................................................###########............................................................................................................................................
.........................................................................................................###########............................................................................................................................................
.........................................................................................................###########............................................................................................................................................
.........................................................................................................###########............................................................................................................................................
.........................................................................................................###########............................................................................................................................................
.........................................................................................................###########............................................................................................................................................
.........................................................................................................................................................................................#######................................................................
.........................................................................................................................................................................................#######................................................................
.........................................................................................................................................................................................#######................................................................
.........................................................................................................................................................................................#######................................................................
.........................................................................................................................................................................................#######................................................................
.........................................................................................................................................................................................#######................................................................
.........................................................................................................................................................................................#######................................................................
.........................................................................................................................................................................................#######................................................................
.........................................................................................................................................................................................#######................................................................
.........................................................................................................................................................................................#######................................................................
.........................................................................................................................................................................................#######................................................................
...........................................................................................................................###########..........................................................................................................................
...........................................................................................................................###########..........................................................................................................................
...........................................................................................................................###########..........................................................................................................................
...........................................................................................................................###########..........................................................................................................................
...........................................................................................................................###########..........................................................................................................................
...........................................................................................................................###########..........................................................................................................................
...........................................................................................................................###########..........................................................................................................................
......................................................................................................................................###########...............................................................................................................
......................................................................................................................................###########...............................................................................................................
......................................................................................................................................###########...............................................................................................................
......................................................................................................................................###########...............................................................................................................
......................................................................................................................................###########...............................................................................................................
......................................................................................................................................###########...............................................................................................................
......................................................................................................................................###########...............................................................................................................
......................................................................................................................................###########...............................................................................................................
......................................................................................................................................###########...............................................................................................................
......................................................................................................................................###########...............................................................................................................
......................................................................................................................................###########...............................................................................................................
...........................................................................................................................###########.........................###########......................................................................................
...........................................................................................................................###########.........................###########......................................................................................
...........................................................................................................................###########.........................###########......................................................................................
...........................................................................................................................###########.........................###########......................................................................................
...........................................................................................................................###########.........................###########......................................................................................
...........................................................................................................................###########.........................###########......................................................................................
...........................................................................................................................###########.........................###########......................................................................................
...........................................................................................................................###########.........................###########......................................................................................
...........................................................................................................................###########.........................###########......................................................................................
...........................................................................................................................###########.........................###########......................................................................................
...........................................................................................................................###########.........................###########......................................................................................
......................................................................................................................................###########...............................................................................................................
......................................................................................................................................###########...............................................................................................................
......................................................................................................................................###########...............................................................................................................
......................................................................................................................................###########...............................................................................................................
......................................................................................................................................###########...............................................................................................................
......................................................................................................................................###########...............................................................................................................
......................................................................................................................................###########...............................................................................................................
...............................................................................................................................................................###########......................................................................................
...............................................................................................................................................................###########......................................................................................
...............................................................................................................................................................###########......................................................................................
...............................................................................................................................................................###########......................................................................................
...............................................................................................................................................................###########......................................................................................
...............................................................................................................................................................###########......................................................................................
...............................................................................................................................................................###########......................................................................................
................................................................................................................................................................................................#######.........................................................
................................................................................................................................................................................................#######.........................................................
................................................................................................................................................................................................#######.........................................................
................................................................................................................................................................................................#######.........................................................
................................................................................................................................................................................................#######.........................................................
................................................................................................................................................................................................#######.........................................................
................................................................................................................................................................................................#######.........................................................
................................................................................................................................................................................................#######.........................................................
................................................................................................................................................................................................#######.........................................................
................................................................................................................................................................................................#######.........................................................
................................................................................................................................................................................................#######.........................................................
................................................................................................................................................................................................................................................................
................................................................................................................................................................................................................................................................
................................................................................................................................................................................................................................................................
................................................................................................................................................................................................................................................................
................................................................................................................................................................................................................................................................
................................................................................................................................................................................................................................................................
................................................................................................................................................................................................................................................................
................................................................................................................................................................................................................................................................
................................................................................................................................................................................................................................................................
................................................................................................................................................................................................................................................................
................................................................................................................................................................................................................................................................
................................................................................................................................................................................................................................................................
................................................................................................................................................................................................................................................................
................................................................................................................................................................................................................................................................
................................................................................................................................................................................................................................................................
................................................................................................................................................................................................................................................................
................................................................................................................................................................................................................................................................
................................................................................................................................................................................................................................................................
................................................................................................................................................................................................................................................................
................................................................................................................................................................................................................................................................
................................................................................................................................................................................................................................................................
................................................................................................................................................................................................................................................................
................................................................................................................................................................................................................................................................
................................................................................................................................................................................................................................................................
................................................................................................................................................................................................................................................................
................................................................................................................................................................................................................................................................
................................................................................................................................................................................................................................................................
................................................................................................................................................................................................................................................................
................................................................................................................................................................................................................................................................
................................................................................................................................................................................................................................................................
................................................................................................................................................................................................................................................................
................................................................................................................................................................................................................................................................
................................................................................................................................................................................................................................................................
................................................................................................................................................................................................................................................................
................................................................................................................................................................................................................................................................
................................................................................................................................................................................................................................................................
................................................................................................................................................................................................................................................................
................................................................................................................................................................................................................................................................
................................................................................................................................................................................................................................................................
................................................................................................................................................................................................................................................................
................................................................................................................................................................................................................................................................
................................................................................................................................................................................................................................................................
................................................................................................................................................................................................................................................................
................................................................................................................................................................................................................................................................
................................................................................................................................................................................................................................................................
................................................................................................................................................................................................................................................................
................................................................................................................................................................................................................................................................
................................................................................................................................................................................................................................................................
................................................................................................................................................................................................................................................................
................................................................................................................................................................................................................................................................
................................................................................................................................................................................................................................................................
................................................................................................................................................................................................................................................................
................................................................................................................................................................................................................................................................
................................................................................................................................................................................................................................................................
................................................................................................................................................................................................................................................................
................................................................................................................................................................................................................................................................
................................................................................................................................................................................................................................................................
................................................................................................................................................................................................................................................................
................................................................................................................................................................................................................................................................
................................................................................................................................................................................................................................................................
................................................................................................................................................................................................................................................................
................................................................................................................................................................................................................................................................
................................................................................................................................................................................................................................................................
................................................................................................................................................................................................................................................................
................................................................................................................................................................................................................................................................
................................................................................................................................................................................................................................................................
................................................................................................................................................................................................................................................................
................................................................................................................................................................................................................................................................
................................................................................................................................................................................................................................................................
................................................................................................................................................................................................................................................................
................................................................................................................................................................................................................................................................
................................................................................................................................................................................................................................................................
................................................................................................................................................................................................................................................................
................................................................................................................................................................................................................................................................
................................................................................................................................................................................................................................................................
................................................................................................................................................................................................................................................................
................................................................................................................................................................................................................................................................
................................................................................................................................................................................................................................................................
................................................................................................................................................................................................................................................................
................................................................................................................................................................................................................................................................
................................................................................................................................................................................................................................................................
................................................................................................................................................................................................................................................................
................................................................................................................................................................................................................................................................
................................................................................................................................................................................................................................................................
................................................................................................................................................................................................................................................................
................................................................................................................................................................................................................................................................

Column attention mask (after col_perm) (256x256)
#...............................................................................................................................................................................................................................................................
.#..............................................................................................................................................................................................................................................................
..#.............................................................................................................................................................................................................................................................
...#............................................................................................................................................................................................................................................................
....#...........................................................................................................................................................................................................................................................
.....#..........................................................................................................................................................................................................................................................
......#####.....................................................................................................................................................................................................................................................
......#####.....................................................................................................................................................................................................................................................
......#####.....................................................................................................................................................................................................................................................
......#####.....................................................................................................................................................................................................................................................
......#####.....................................................................................................................................................................................................................................................
...........#####................................................................................................................................................................................................................................................
...........#####................................................................................................................................................................................................................................................
...........#####................................................................................................................................................................................................................................................
...........#####................................................................................................................................................................................................................................................
...........#####................................................................................................................................................................................................................................................
................#####...........................................................................................................................................................................................................................................
................#####...........................................................................................................................................................................................................................................
................#####...........................................................................................................................................................................................................................................
................#####...........................................................................................................................................................................................................................................
................#####...........................................................................................................................................................................................................................................
.....................#####......................................................................................................................................................................................................................................
.....................#####......................................................................................................................................................................................................................................
.....................#####......................................................................................................................................................................................................................................
.....................#####......................................................................................................................................................................................................................................
.....................#####......................................................................................................................................................................................................................................
..........................#####.................................................................................................................................................................................................................................
..........................#####.................................................................................................................................................................................................................................
..........................#####.................................................................................................................................................................................................................................
..........................#####.................................................................................................................................................................................................................................
..........................#####.................................................................................................................................................................................................................................
...............................#####............................................................................................................................................................................................................................
...............................#####............................................................................................................................................................................................................................
...............................#####............................................................................................................................................................................................................................
...............................#####............................................................................................................................................................................................................................
...............................#####............................................................................................................................................................................................................................
....................................#####.......................................................................................................................................................................................................................
....................................#####.......................................................................................................................................................................................................................
....................................#####.......................................................................................................................................................................................................................
....................................#####.......................................................................................................................................................................................................................
....................................#####.......................................................................................................................................................................................................................
.........................................#####..................................................................................................................................................................................................................
.........................................#####..................................................................................................................................................................................................................
.........................................#####..................................................................................................................................................................................................................
.........................................#####..................................................................................................................................................................................................................
.........................................#####..................................................................................................................................................................................................................
..............................................#####.............................................................................................................................................................................................................
..............................................#####.............................................................................................................................................................................................................
..............................................#####.............................................................................................................................................................................................................
..............................................#####.............................................................................................................................................................................................................
..............................................#####.............................................................................................................................................................................................................
...................................................#####........................................................................................................................................................................................................
...................................................#####........................................................................................................................................................................................................
...................................................#####........................................................................................................................................................................................................
...................................................#####........................................................................................................................................................................................................
...................................................#####........................................................................................................................................................................................................
........................................................#####...................................................................................................................................................................................................
........................................................#####...................................................................................................................................................................................................
........................................................#####...................................................................................................................................................................................................
........................................................#####...................................................................................................................................................................................................
........................................................#####...................................................................................................................................................................................................
.............................................................#####..............................................................................................................................................................................................
.............................................................#####..............................................................................................................................................................................................
.............................................................#####..............................................................................................................................................................................................
.............................................................#####..............................................................................................................................................................................................
.............................................................#####..............................................................................................................................................................................................
..................................................................#####.........................................................................................................................................................................................
..................................................................#####.........................................................................................................................................................................................
..................................................................#####.........................................................................................................................................................................................
..................................................................#####.........................................................................................................................................................................................
..................................................................#####.........................................................................................................................................................................................
.......................................................................#####....................................................................................................................................................................................
.......................................................................#####....................................................................................................................................................................................
.......................................................................#####....................................................................................................................................................................................
.......................................................................#####....................................................................................................................................................................................
.......................................................................#####....................................................................................................................................................................................
............................................................................#####...............................................................................................................................................................................
............................................................................#####...............................................................................................................................................................................
............................................................................#####...............................................................................................................................................................................
............................................................................#####...............................................................................................................................................................................
............................................................................#####...............................................................................................................................................................................
.................................................................................##########.....................................................................................................................................................................
.................................................................................##########.....................................................................................................................................................................
.................................................................................##########.....................................................................................................................................................................
.................................................................................##########.....................................................................................................................................................................
.................................................................................##########.....................................................................................................................................................................
.................................................................................##########.....................................................................................................................................................................
.................................................................................##########.....................................................................................................................................................................
.................................................................................##########.....................................................................................................................................................................
.................................................................................##########.....................................................................................................................................................................
.................................................................................##########.....................................................................................................................................................................
...........................................................................................##########...........................................................................................................................................................
...........................................................................................##########...........................................................................................................................................................
...........................................................................................##########...........................................................................................................................................................
...........................................................................................##########...........................................................................................................................................................
...........................................................................................##########...........................................................................................................................................................
...........................................................................................##########...........................................................................................................................................................
...........................................................................................##########...........................................................................................................................................................
...........................................................................................##########...........................................................................................................................................................
...........................................................................................##########...........................................................................................................................................................
...........................................................................................##########...........................................................................................................................................................
.....................................................................................................##########.................................................................................................................................................
.....................................................................................................##########.................................................................................................................................................
.....................................................................................................##########.................................................................................................................................................
.....................................................................................................##########.................................................................................................................................................
.....................................................................................................##########.................................................................................................................................................
.....................................................................................................##########.................................................................................................................................................
.....................................................................................................##########.................................................................................................................................................
.....................................................................................................##########.................................................................................................................................................
.....................................................................................................##########.................................................................................................................................................
.....................................................................................................##########.................................................................................................................................................
...............................................................................................................##########.......................................................................................................................................
...............................................................................................................##########.......................................................................................................................................
...............................................................................................................##########.......................................................................................................................................
...............................................................................................................##########.......................................................................................................................................
...............................................................................................................##########.......................................................................................................................................
...............................................................................................................##########.......................................................................................................................................
...............................................................................................................##########.......................................................................................................................................
...............................................................................................................##########.......................................................................................................................................
...............................................................................................................##########.......................................................................................................................................
...............................................................................................................##########.......................................................................................................................................
.........................................................................................................................##########.............................................................................................................................
.........................................................................................................................##########.............................................................................................................................
.........................................................................................................................##########.............................................................................................................................
.........................................................................................................................##########.............................................................................................................................
.........................................................................................................................##########.............................................................................................................................
.........................................................................................................................##########.............................................................................................................................
.........................................................................................................................##########.............................................................................................................................
.........................................................................................................................##########.............................................................................................................................
.........................................................................................................................##########.............................................................................................................................
.........................................................................................................................##########.............................................................................................................................
...................................................................................................................................##########...................................................................................................................
...................................................................................................................................##########...................................................................................................................
...................................................................................................................................##########...................................................................................................................
...................................................................................................................................##########...................................................................................................................
...................................................................................................................................##########...................................................................................................................
...................................................................................................................................##########...................................................................................................................
...................................................................................................................................##########...................................................................................................................
...................................................................................................................................##########...................................................................................................................
...................................................................................................................................##########...................................................................................................................
...................................................................................................................................##########...................................................................................................................
.............................................................................................................................................##########.........................................................................................................
.............................................................................................................................................##########.........................................................................................................
.............................................................................................................................................##########.........................................................................................................
.............................................................................................................................................##########.........................................................................................................
.............................................................................................................................................##########.........................................................................................................
.............................................................................................................................................##########.........................................................................................................
.............................................................................................................................................##########.........................................................................................................
.............................................................................................................................................##########.........................................................................................................
.............................................................................................................................................##########.........................................................................................................
.............................................................................................................................................##########.........................................................................................................
.......................................................................................................................................................##########...............................................................................................
.......................................................................................................................................................##########...............................................................................................
.......................................................................................................................................................##########...............................................................................................
.......................................................................................................................................................##########...............................................................................................
.......................................................................................................................................................##########...............................................................................................
.......................................................................................................................................................##########...............................................................................................
.......................................................................................................................................................##########...............................................................................................
.......................................................................................................................................................##########...............................................................................................
.......................................................................................................................................................##########...............................................................................................
.......................................................................................................................................................##########...............................................................................................
.................................................................................................................................................................##########.....................................................................................
.................................................................................................................................................................##########.....................................................................................
.................................................................................................................................................................##########.....................................................................................
.................................................................................................................................................................##########.....................................................................................
.................................................................................................................................................................##########.....................................................................................
.................................................................................................................................................................##########.....................................................................................
.................................................................................................................................................................##########.....................................................................................
.................................................................................................................................................................##########.....................................................................................
.................................................................................................................................................................##########.....................................................................................
.................................................................................................................................................................##########.....................................................................................
...........................................................................................................................................................................##########...........................................................................
...........................................................................................................................................................................##########...........................................................................
...........................................................................................................................................................................##########...........................................................................
...........................................................................................................................................................................##########...........................................................................
...........................................................................................................................................................................##########...........................................................................
...........................................................................................................................................................................##########...........................................................................
...........................................................................................................................................................................##########...........................................................................
...........................................................................................................................................................................##########...........................................................................
...........................................................................................................................................................................##########...........................................................................
...........................................................................................................................................................................##########...........................................................................
.....................................................................................................................................................................................##########.................................................................
.....................................................................................................................................................................................##########.................................................................
.....................................................................................................................................................................................##########.................................................................
.....................................................................................................................................................................................##########.................................................................
.....................................................................................................................................................................................##########.................................................................
.....................................................................................................................................................................................##########.................................................................
.....................................................................................................................................................................................##########.................................................................
.....................................................................................................................................................................................##########.................................................................
.....................................................................................................................................................................................##########.................................................................
.....................................................................................................................................................................................##########.................................................................
...............................................................................................................................................................................................#########........................................................
...............................................................................................................................................................................................#########........................................................
...............................................................................................................................................................................................#########........................................................
...............................................................................................................................................................................................#########........................................................
...............................................................................................................................................................................................#########........................................................
...............................................................................................................................................................................................#########........................................................
...............................................................................................................................................................................................#########........................................................
...............................................................................................................................................................................................#########........................................................
...............................................................................................................................................................................................#########........................................................
........................................................................................................................................................................................................#########...............................................
........................................................................................................................................................................................................#########...............................................
........................................................................................................................................................................................................#########...............................................
........................................................................................................................................................................................................#########...............................................
........................................................................................................................................................................................................#########...............................................
........................................................................................................................................................................................................#########...............................................
........................................................................................................................................................................................................#########...............................................
........................................................................................................................................................................................................#########...............................................
........................................................................................................................................................................................................#########...............................................
.................................................................................................................................................................................................................#########......................................
.................................................................................................................................................................................................................#########......................................
.................................................................................................................................................................................................................#########......................................
.................................................................................................................................................................................................................#########......................................
.................................................................................................................................................................................................................#########......................................
.................................................................................................................................................................................................................#########......................................
.................................................................................................................................................................................................................#########......................................
.................................................................................................................................................................................................................#########......................................
.................................................................................................................................................................................................................#########......................................
..........................................................................................................................................................................................................................#########.............................
..........................................................................................................................................................................................................................#########.............................
..........................................................................................................................................................................................................................#########.............................
..........................................................................................................................................................................................................................#########.............................
..........................................................................................................................................................................................................................#########.............................
..........................................................................................................................................................................................................................#########.............................
..........................................................................................................................................................................................................................#########.............................
..........................................................................................................................................................................................................................#########.............................
..........................................................................................................................................................................................................................#########.............................
...................................................................................................................................................................................................................................########.....................
...................................................................................................................................................................................................................................########.....................
...................................................................................................................................................................................................................................########.....................
...................................................................................................................................................................................................................................########.....................
...................................................................................................................................................................................................................................########.....................
...................................................................................................................................................................................................................................########.....................
...................................................................................................................................................................................................................................########.....................
...................................................................................................................................................................................................................................########.....................
...........................................................................................................................................................................................................................................########.............
...........................................................................................................................................................................................................................................########.............
...........................................................................................................................................................................................................................................########.............
...........................................................................................................................................................................................................................................########.............
...........................................................................................................................................................................................................................................########.............
...........................................................................................................................................................................................................................................########.............
...........................................................................................................................................................................................................................................########.............
...........................................................................................................................................................................................................................................########.............
...................................................................................................................................................................................................................................................########.....
...................................................................................................................................................................................................................................................########.....
...................................................................................................................................................................................................................................................########.....
...................................................................................................................................................................................................................................................########.....
...................................................................................................................................................................................................................................................########.....
...................................................................................................................................................................................................................................................########.....
...................................................................................................................................................................................................................................................########.....
...................................................................................................................................................................................................................................................########.....
...........................................................................................................................................................................................................................................................#....
............................................................................................................................................................................................................................................................#...
.............................................................................................................................................................................................................................................................#..
..............................................................................................................................................................................................................................................................#.
...............................................................................................................................................................................................................................................................#

Outbound attention mask (after out_perm) tiled (8x8 tiles, tile=32)
*+..+.++
+*+.++++
.+*+.+++
..+++*.+
...+*+++
....+*++
.....+++
......++

Inbound attention mask (after in_perm) tiled (8x8 tiles, tile=32)
*+++.+**
+++..+++
..*+.+..
...+++..
...++++.
......+.
........
........

Column attention mask (after col_perm) tiled (8x8 tiles, tile=32)
++......
+++.....
.+++....
..+*+...
...+*+..
....+*+.
.....+*+
......++
2026-02-24T02:24:09.114921Z  INFO single_sample: 
Pulling a val batch...
2026-02-24T02:24:09.114949Z  INFO single_sample: Val batch: task=predict_has_accepted_answer, 23 cells non-padding in seq[0]
2026-02-24T02:24:09.114956Z  INFO single_sample: 
Shutting down sampler...
2026-02-24T02:24:09.140597Z  INFO headwater::sampler: Sampler shut down.
2026-02-24T02:24:09.140673Z  INFO single_sample: Done!
2026-02-24T02:24:09.140692Z  INFO headwater::sampler: Sampler shut down.
